user_id	signup_date	plan	channel	country	age
1	22-03-2024	free	referral	India	26
2	14-01-2024	basic	social	India	45
3	05-01-2024	free	organic	USA	19
4	12-03-2024	free	referral	USA	32
5	27-02-2024	free	social	India	28
6	30-03-2024	free	organic	India	39
7	14-01-2024	free	organic	Canada	34
8	06-01-2024	basic	paid_ad	Canada	42
9	11-01-2024	free	social	UK	41
10	14-03-2024	free	organic	UK	36
11	11-01-2024	pro	social	USA	47
12	22-03-2024	pro	organic	USA	35
13	30-03-2024	pro	referral	UK	28
14	09-03-2024	basic	organic	USA	53
15	29-01-2024	basic	social	Germany	32
16	05-01-2024	pro	paid_ad	India	54
17	10-02-2024	free	paid_ad	Canada	47
18	19-01-2024	free	organic	USA	34
19	15-03-2024	free	paid_ad	USA	26
20	06-03-2024	free	referral	Canada	27
21	21-03-2024	free	referral	USA	42
22	18-02-2024	free	paid_ad	India	53
23	02-01-2024	basic	organic	Canada	35
24	23-03-2024	free	organic	India	18
25	03-02-2024	enterprise	referral	USA	24
26	21-03-2024	free	referral	UK	27
27	17-02-2024	basic	paid_ad	Germany	51
28	01-01-2024	free	paid_ad	India	41
29	09-02-2024	free	organic	USA	23
30	11-01-2024	basic	social	Canada	52
31	17-01-2024	free	paid_ad	USA	34
32	08-03-2024	pro	paid_ad	India	52
33	29-03-2024	free	organic	Canada	41
34	26-02-2024	pro	paid_ad	India	22
35	13-02-2024	free	paid_ad	USA	18
36	10-01-2024	basic	organic	India	20
37	12-02-2024	free	organic	UK	31
38	10-03-2024	free	email	USA	48
39	01-02-2024	basic	social	India	24
40	25-03-2024	free	paid_ad	USA	21
41	27-03-2024	basic	referral	India	39
42	14-01-2024	free	organic	USA	45
43	24-01-2024	free	organic	Canada	46
44	11-03-2024	free	referral	USA	18
45	12-01-2024	pro	social	India	49
46	02-03-2024	free	paid_ad	India	42
47	01-01-2024	enterprise	organic	Germany	47
48	06-02-2024	free	email	Canada	53
49	25-03-2024	basic	organic	India	21
50	15-03-2024	basic	organic	India	21
51	15-03-2024	free	social	USA	21
52	06-03-2024	free	organic	USA	33
53	21-02-2024	free	social	India	20
54	20-03-2024	free	referral	USA	38
55	03-02-2024	free	referral	India	43
56	17-01-2024	basic	organic	India	22
57	02-01-2024	free	email	Canada	22
58	09-03-2024	free	organic	Canada	22
59	01-02-2024	free	organic	Canada	37
60	19-03-2024	enterprise	social	USA	53
61	08-02-2024	pro	organic	Canada	34
62	15-01-2024	pro	referral	India	36
63	18-03-2024	free	organic	UK	34
64	05-03-2024	free	social	Canada	23
65	22-03-2024	free	organic	India	26
66	22-03-2024	enterprise	organic	USA	45
67	12-03-2024	free	organic	Canada	27
68	10-03-2024	free	paid_ad	USA	45
69	17-01-2024	free	paid_ad	Canada	20
70	15-02-2024	free	organic	India	53
71	22-02-2024	enterprise	referral	Canada	33
72	21-01-2024	enterprise	social	Canada	19
73	23-01-2024	basic	organic	Canada	33
74	04-02-2024	free	referral	USA	20
75	01-03-2024	free	social	USA	37
76	30-01-2024	free	referral	USA	35
77	09-01-2024	enterprise	organic	UK	43
78	27-03-2024	enterprise	paid_ad	Canada	25
79	03-02-2024	free	email	India	24
80	17-03-2024	free	referral	India	50
81	15-01-2024	free	paid_ad	India	45
82	01-01-2024	free	social	UK	30
83	16-02-2024	free	email	Canada	38
84	25-03-2024	pro	referral	India	37
85	26-03-2024	free	paid_ad	India	26
86	25-01-2024	free	email	UK	29
87	19-03-2024	free	paid_ad	Canada	37
88	06-02-2024	free	referral	UK	38
89	29-02-2024	free	referral	USA	28
90	25-03-2024	free	paid_ad	UK	39
91	12-01-2024	pro	referral	UK	32
92	26-01-2024	free	organic	Canada	22
93	28-02-2024	free	referral	India	42
94	04-03-2024	free	organic	UK	24
95	24-02-2024	free	social	UK	47
96	07-01-2024	free	social	India	26
97	29-02-2024	basic	email	USA	46
98	19-03-2024	pro	social	USA	53
99	27-02-2024	pro	referral	USA	34
100	01-02-2024	pro	organic	Germany	49
101	21-03-2024	free	paid_ad	UK	33
102	04-02-2024	free	social	India	27
103	30-01-2024	free	organic	India	44
104	22-02-2024	free	paid_ad	India	44
105	19-02-2024	pro	paid_ad	UK	54
106	18-02-2024	free	email	India	42
107	23-02-2024	free	referral	Germany	32
108	03-03-2024	free	paid_ad	India	39
109	26-03-2024	basic	paid_ad	India	47
110	17-01-2024	enterprise	paid_ad	Canada	55
111	13-03-2024	basic	organic	USA	47
112	24-01-2024	free	paid_ad	India	38
113	13-02-2024	basic	paid_ad	Germany	44
114	02-02-2024	pro	paid_ad	Germany	21
115	14-02-2024	free	organic	Canada	20
116	04-01-2024	pro	organic	India	27
117	31-01-2024	free	referral	USA	31
118	29-02-2024	basic	referral	India	25
119	21-01-2024	enterprise	organic	India	37
120	14-03-2024	basic	email	USA	30
121	10-01-2024	free	social	India	37
122	28-03-2024	basic	organic	Canada	20
123	14-02-2024	free	referral	India	39
124	02-01-2024	pro	social	India	41
125	22-03-2024	pro	paid_ad	India	29
126	07-03-2024	enterprise	organic	Germany	52
127	02-03-2024	free	social	USA	38
128	01-02-2024	pro	organic	Canada	33
129	29-02-2024	free	referral	India	49
130	11-02-2024	free	organic	Germany	39
131	05-02-2024	pro	referral	India	18
132	07-03-2024	pro	organic	Germany	49
133	12-03-2024	basic	referral	UK	49
134	27-02-2024	basic	organic	India	33
135	09-02-2024	basic	paid_ad	USA	40
136	24-02-2024	enterprise	paid_ad	USA	47
137	04-02-2024	free	organic	Germany	38
138	16-01-2024	basic	email	UK	30
139	28-01-2024	basic	organic	USA	51
140	17-03-2024	free	organic	India	32
141	16-02-2024	free	organic	USA	35
142	06-01-2024	enterprise	paid_ad	UK	26
143	22-03-2024	pro	paid_ad	Canada	54
144	06-02-2024	free	paid_ad	India	21
145	02-02-2024	pro	paid_ad	Canada	43
146	03-03-2024	free	referral	India	27
147	13-03-2024	pro	organic	India	53
148	23-02-2024	basic	referral	India	51
149	18-02-2024	free	paid_ad	Canada	45
150	09-02-2024	free	organic	Canada	24
151	27-01-2024	basic	organic	India	33
152	23-01-2024	free	organic	USA	48
153	07-02-2024	free	organic	India	47
154	10-01-2024	basic	email	Germany	55
155	25-03-2024	pro	organic	India	32
156	23-03-2024	free	organic	India	21
157	22-01-2024	basic	paid_ad	Canada	36
158	26-02-2024	free	referral	UK	35
159	05-03-2024	free	paid_ad	USA	45
160	11-02-2024	basic	organic	India	54
161	16-03-2024	enterprise	email	UK	35
162	14-03-2024	free	referral	USA	46
163	05-02-2024	free	paid_ad	UK	49
164	12-01-2024	free	paid_ad	India	24
165	21-01-2024	free	referral	India	43
166	11-03-2024	free	organic	India	25
167	21-02-2024	pro	social	India	52
168	29-02-2024	free	organic	USA	49
169	21-03-2024	free	organic	India	26
170	06-02-2024	free	referral	India	33
171	21-01-2024	free	organic	USA	32
172	15-01-2024	free	organic	Canada	49
173	07-02-2024	free	organic	Canada	48
174	01-02-2024	free	organic	India	50
175	18-01-2024	pro	organic	Germany	44
176	13-02-2024	pro	paid_ad	Canada	36
177	08-02-2024	pro	paid_ad	UK	27
178	27-02-2024	free	organic	USA	52
179	18-02-2024	free	organic	India	33
180	14-03-2024	free	social	USA	38
181	01-03-2024	basic	social	USA	27
182	04-03-2024	enterprise	organic	Canada	39
183	13-01-2024	pro	paid_ad	USA	47
184	02-01-2024	basic	paid_ad	UK	27
185	10-01-2024	free	email	India	43
186	24-03-2024	free	organic	UK	52
187	18-02-2024	enterprise	referral	Canada	49
188	10-03-2024	free	organic	UK	36
189	30-01-2024	basic	paid_ad	India	24
190	26-02-2024	free	organic	India	38
191	08-01-2024	free	paid_ad	India	51
192	22-02-2024	free	referral	India	23
193	19-03-2024	pro	referral	India	55
194	19-01-2024	free	referral	USA	18
195	29-02-2024	pro	referral	India	46
196	14-02-2024	enterprise	organic	Canada	34
197	28-02-2024	pro	organic	USA	48
198	14-01-2024	free	paid_ad	USA	36
199	03-01-2024	enterprise	referral	India	54
200	28-03-2024	basic	email	Canada	49
201	06-02-2024	basic	organic	Germany	32
202	22-03-2024	free	organic	Germany	26
203	21-03-2024	free	referral	India	46
204	05-01-2024	free	referral	India	36
205	11-02-2024	basic	organic	India	52
206	16-02-2024	free	social	Canada	34
207	02-03-2024	enterprise	organic	Canada	25
208	29-02-2024	enterprise	organic	Canada	43
209	12-03-2024	free	referral	India	52
210	16-01-2024	free	referral	UK	55
211	18-02-2024	pro	email	India	32
212	01-03-2024	free	social	USA	32
213	23-03-2024	free	social	Canada	37
214	24-03-2024	free	organic	Canada	37
215	04-03-2024	free	organic	USA	42
216	28-02-2024	free	email	UK	52
217	23-02-2024	free	referral	Canada	24
218	03-03-2024	basic	email	India	41
219	28-01-2024	free	email	Canada	24
220	28-03-2024	free	social	UK	21
221	20-02-2024	free	email	Canada	47
222	12-01-2024	basic	referral	USA	19
223	07-01-2024	basic	organic	India	54
224	27-01-2024	free	referral	India	31
225	30-01-2024	free	organic	Canada	18
226	05-02-2024	pro	organic	India	34
227	23-01-2024	free	social	India	40
228	31-01-2024	free	organic	India	26
229	23-02-2024	free	referral	USA	41
230	06-03-2024	free	paid_ad	India	20
231	25-03-2024	free	paid_ad	Canada	21
232	02-03-2024	pro	paid_ad	India	46
233	10-01-2024	pro	organic	India	26
234	05-02-2024	basic	paid_ad	UK	42
235	17-03-2024	free	paid_ad	UK	24
236	30-03-2024	free	referral	Canada	53
237	28-01-2024	free	social	USA	47
238	21-02-2024	free	organic	USA	34
239	17-02-2024	enterprise	referral	USA	23
240	11-01-2024	free	organic	Germany	26
241	12-03-2024	free	email	USA	25
242	22-02-2024	free	referral	Germany	21
243	06-02-2024	basic	paid_ad	USA	31
244	20-01-2024	basic	organic	India	53
245	17-02-2024	free	organic	India	45
246	12-03-2024	enterprise	social	UK	53
247	04-01-2024	basic	referral	UK	19
248	24-01-2024	free	referral	Canada	40
249	01-01-2024	free	organic	UK	22
250	19-01-2024	basic	email	India	51
251	28-01-2024	free	paid_ad	India	37
252	11-02-2024	basic	paid_ad	India	21
253	20-01-2024	free	referral	UK	35
254	26-02-2024	basic	paid_ad	USA	35
255	28-01-2024	basic	organic	USA	36
256	27-03-2024	basic	paid_ad	UK	20
257	29-01-2024	free	paid_ad	India	37
258	28-01-2024	basic	referral	India	25
259	01-01-2024	free	paid_ad	India	52
260	30-01-2024	free	social	Germany	22
261	20-02-2024	pro	organic	India	22
262	10-02-2024	free	paid_ad	UK	44
263	07-02-2024	free	organic	India	47
264	29-03-2024	pro	organic	Canada	33
265	25-02-2024	free	paid_ad	USA	37
266	13-02-2024	free	referral	India	25
267	08-03-2024	free	social	India	27
268	31-01-2024	free	organic	India	27
269	24-03-2024	free	email	UK	47
270	13-03-2024	basic	paid_ad	Canada	54
271	23-03-2024	basic	referral	Canada	38
272	20-01-2024	free	paid_ad	UK	35
273	16-03-2024	free	paid_ad	India	46
274	05-01-2024	free	social	India	23
275	19-03-2024	free	paid_ad	USA	20
276	27-02-2024	pro	paid_ad	India	48
277	05-03-2024	free	organic	India	39
278	11-01-2024	free	organic	India	46
279	26-02-2024	free	referral	USA	36
280	19-02-2024	free	organic	USA	39
281	09-01-2024	free	paid_ad	USA	34
282	25-03-2024	enterprise	referral	India	23
283	15-03-2024	basic	social	India	43
284	17-01-2024	free	email	India	42
285	23-03-2024	basic	social	UK	51
286	12-01-2024	basic	paid_ad	USA	41
287	09-02-2024	free	organic	Canada	49
288	25-01-2024	free	organic	India	24
289	05-03-2024	basic	social	Canada	20
290	25-03-2024	free	referral	India	42
291	20-01-2024	free	social	Germany	28
292	26-02-2024	free	paid_ad	UK	46
293	19-03-2024	free	referral	USA	52
294	31-01-2024	free	social	USA	30
295	17-02-2024	basic	paid_ad	USA	36
296	18-02-2024	free	paid_ad	India	30
297	18-03-2024	free	organic	UK	41
298	11-03-2024	pro	referral	USA	25
299	06-02-2024	free	organic	USA	50
300	19-01-2024	pro	organic	Canada	46
301	14-02-2024	pro	paid_ad	USA	41
302	31-01-2024	free	organic	India	38
303	13-01-2024	pro	referral	Germany	26
304	05-01-2024	free	social	UK	26
305	01-03-2024	free	organic	India	34
306	28-01-2024	pro	paid_ad	Germany	51
307	24-02-2024	free	organic	India	21
308	31-01-2024	free	referral	USA	25
309	04-03-2024	free	organic	USA	33
310	19-01-2024	free	organic	USA	54
311	23-02-2024	free	referral	USA	41
312	09-01-2024	enterprise	paid_ad	Germany	50
313	11-03-2024	free	social	India	42
314	17-02-2024	free	organic	Germany	40
315	31-01-2024	basic	referral	Germany	39
316	18-01-2024	free	paid_ad	Germany	29
317	28-03-2024	free	referral	UK	26
318	09-01-2024	basic	email	India	30
319	06-01-2024	basic	social	India	37
320	06-03-2024	free	social	USA	20
321	23-03-2024	free	paid_ad	Germany	39
322	04-02-2024	free	paid_ad	Canada	46
323	19-02-2024	free	organic	UK	41
324	07-03-2024	free	organic	USA	45
325	18-03-2024	enterprise	organic	India	24
326	11-01-2024	free	organic	USA	45
327	22-01-2024	basic	paid_ad	India	40
328	19-03-2024	enterprise	organic	Canada	21
329	10-01-2024	basic	paid_ad	USA	28
330	04-01-2024	free	referral	Germany	20
331	17-01-2024	free	referral	USA	42
332	13-03-2024	free	organic	USA	41
333	17-02-2024	free	organic	India	41
334	20-02-2024	free	organic	Canada	19
335	24-01-2024	free	paid_ad	USA	34
336	03-02-2024	basic	organic	UK	49
337	26-01-2024	free	social	USA	46
338	12-01-2024	pro	email	Canada	40
339	09-01-2024	free	organic	India	28
340	30-03-2024	basic	referral	USA	25
341	26-01-2024	basic	organic	USA	41
342	11-03-2024	free	paid_ad	Canada	26
343	19-03-2024	pro	organic	USA	48
344	08-03-2024	free	paid_ad	USA	26
345	10-02-2024	basic	paid_ad	UK	40
346	17-01-2024	pro	referral	UK	29
347	17-01-2024	free	social	India	25
348	07-03-2024	free	organic	India	32
349	14-02-2024	pro	paid_ad	India	23
350	02-02-2024	free	email	India	37
351	19-03-2024	free	paid_ad	India	55
352	20-01-2024	free	referral	Canada	39
353	13-03-2024	free	social	India	54
354	03-02-2024	basic	referral	USA	19
355	04-03-2024	pro	paid_ad	UK	37
356	02-03-2024	free	social	USA	47
357	10-01-2024	basic	organic	USA	47
358	27-01-2024	free	organic	Canada	38
359	14-02-2024	enterprise	organic	USA	53
360	14-01-2024	free	paid_ad	India	33
361	19-01-2024	free	organic	USA	44
362	01-02-2024	enterprise	social	Germany	54
363	10-02-2024	free	organic	Canada	47
364	04-03-2024	pro	paid_ad	India	43
365	05-03-2024	free	organic	USA	21
366	07-01-2024	free	paid_ad	Canada	48
367	06-02-2024	free	social	USA	34
368	16-02-2024	basic	paid_ad	USA	54
369	12-03-2024	free	paid_ad	India	50
370	27-02-2024	basic	organic	Canada	25
371	17-01-2024	enterprise	paid_ad	Germany	39
372	12-03-2024	pro	referral	India	50
373	21-02-2024	free	organic	India	39
374	01-03-2024	free	organic	Canada	26
375	11-02-2024	pro	organic	USA	37
376	16-03-2024	free	social	USA	54
377	08-02-2024	free	organic	India	25
378	23-02-2024	free	referral	Germany	19
379	17-03-2024	free	email	Germany	55
380	14-03-2024	free	organic	USA	51
381	21-03-2024	basic	referral	USA	33
382	05-01-2024	free	referral	India	46
383	10-02-2024	free	paid_ad	India	50
384	19-03-2024	pro	social	Germany	21
385	18-01-2024	free	paid_ad	Canada	48
386	08-03-2024	free	email	USA	52
387	13-02-2024	free	referral	Canada	34
388	19-03-2024	free	email	India	37
389	29-01-2024	pro	email	Germany	31
390	29-03-2024	basic	organic	India	35
391	06-02-2024	free	referral	USA	43
392	14-02-2024	enterprise	social	India	36
393	11-01-2024	free	paid_ad	India	48
394	28-01-2024	free	paid_ad	Canada	35
395	18-01-2024	free	referral	India	21
396	26-03-2024	pro	organic	India	24
397	22-02-2024	free	paid_ad	UK	26
398	01-01-2024	enterprise	email	India	48
399	02-03-2024	basic	referral	India	36
400	23-03-2024	free	referral	UK	32
401	09-03-2024	basic	social	India	29
402	23-02-2024	pro	organic	Canada	43
403	04-03-2024	free	referral	Canada	36
404	05-01-2024	free	paid_ad	India	39
405	06-02-2024	free	referral	USA	26
406	05-03-2024	free	organic	India	28
407	28-02-2024	basic	referral	India	39
408	07-02-2024	free	referral	India	43
409	24-02-2024	free	organic	UK	29
410	18-01-2024	free	email	India	42
411	31-01-2024	free	organic	India	55
412	14-03-2024	free	referral	UK	21
413	26-03-2024	free	organic	USA	50
414	09-02-2024	basic	referral	Canada	41
415	19-03-2024	free	email	USA	47
416	18-03-2024	free	referral	Canada	52
417	26-03-2024	pro	referral	UK	23
418	08-03-2024	free	referral	India	54
419	15-01-2024	free	paid_ad	USA	54
420	09-03-2024	free	organic	USA	25
421	28-03-2024	free	paid_ad	India	50
422	27-02-2024	pro	paid_ad	USA	47
423	13-03-2024	free	paid_ad	Germany	19
424	20-02-2024	free	organic	India	22
425	06-01-2024	free	referral	USA	21
426	09-01-2024	enterprise	paid_ad	India	29
427	18-01-2024	basic	email	UK	44
428	17-02-2024	enterprise	paid_ad	Canada	42
429	18-02-2024	free	email	Canada	26
430	24-03-2024	pro	organic	Canada	43
431	08-03-2024	free	email	Canada	19
432	08-02-2024	free	referral	USA	42
433	30-01-2024	free	organic	India	25
434	05-01-2024	pro	paid_ad	Germany	19
435	31-01-2024	free	organic	India	21
436	01-02-2024	basic	paid_ad	India	31
437	08-01-2024	free	email	India	54
438	10-02-2024	free	referral	Germany	33
439	08-02-2024	pro	email	USA	44
440	08-02-2024	free	paid_ad	USA	29
441	21-03-2024	basic	paid_ad	India	40
442	23-03-2024	basic	referral	India	44
443	22-02-2024	free	paid_ad	Germany	48
444	31-01-2024	pro	organic	UK	47
445	08-01-2024	free	email	USA	26
446	19-02-2024	free	organic	UK	46
447	17-02-2024	free	referral	India	35
448	18-02-2024	basic	referral	Canada	30
449	16-03-2024	basic	paid_ad	USA	39
450	08-02-2024	enterprise	organic	Canada	25
451	02-03-2024	pro	referral	UK	43
452	31-01-2024	free	referral	USA	52
453	24-03-2024	free	organic	USA	49
454	29-02-2024	free	email	USA	38
455	27-01-2024	free	paid_ad	USA	32
456	19-01-2024	free	paid_ad	USA	44
457	07-02-2024	free	organic	USA	33
458	04-03-2024	free	email	India	49
459	23-03-2024	basic	paid_ad	Germany	40
460	22-01-2024	free	paid_ad	India	52
461	23-03-2024	enterprise	paid_ad	Canada	22
462	26-03-2024	free	organic	India	32
463	09-01-2024	basic	organic	USA	41
464	08-01-2024	basic	referral	UK	48
465	25-03-2024	free	organic	USA	18
466	03-01-2024	free	organic	Canada	19
467	05-03-2024	pro	referral	Germany	29
468	14-01-2024	pro	paid_ad	India	51
469	02-02-2024	pro	organic	USA	41
470	21-02-2024	free	organic	UK	37
471	28-03-2024	pro	organic	Canada	20
472	12-01-2024	free	paid_ad	USA	18
473	30-03-2024	free	paid_ad	USA	39
474	13-03-2024	enterprise	email	Canada	20
475	30-01-2024	free	social	Canada	48
476	04-02-2024	free	organic	Canada	52
477	13-03-2024	basic	organic	Canada	19
478	27-01-2024	free	referral	UK	43
479	10-01-2024	free	paid_ad	USA	42
480	27-03-2024	pro	organic	Germany	26
481	29-03-2024	basic	paid_ad	Canada	21
482	13-01-2024	free	social	India	43
483	11-02-2024	free	organic	Canada	49
484	30-01-2024	free	email	USA	55
485	25-03-2024	free	referral	India	33
486	10-01-2024	free	organic	UK	27
487	19-02-2024	free	organic	India	37
488	26-02-2024	free	organic	India	29
489	25-02-2024	free	paid_ad	USA	19
490	12-01-2024	free	organic	USA	38
491	19-02-2024	free	paid_ad	Germany	53
492	01-02-2024	free	organic	USA	26
493	04-02-2024	free	paid_ad	India	45
494	05-02-2024	free	paid_ad	India	34
495	01-02-2024	basic	paid_ad	UK	47
496	14-01-2024	free	organic	USA	42
497	12-02-2024	free	paid_ad	Canada	26
498	08-02-2024	free	email	India	38
499	23-01-2024	enterprise	email	India	49
500	14-03-2024	basic	organic	India	43
501	16-02-2024	free	paid_ad	USA	52
502	24-01-2024	basic	paid_ad	Canada	47
503	27-01-2024	free	organic	UK	44
504	27-03-2024	free	referral	India	27
505	24-02-2024	basic	organic	Canada	48
506	15-03-2024	free	paid_ad	Canada	44
507	10-03-2024	free	email	UK	52
508	17-03-2024	basic	organic	Germany	40
509	22-01-2024	basic	organic	Canada	43
510	12-02-2024	enterprise	paid_ad	India	34
511	29-01-2024	free	paid_ad	USA	54
512	29-01-2024	free	paid_ad	Germany	55
513	29-03-2024	free	organic	India	24
514	07-02-2024	free	email	India	27
515	14-02-2024	free	paid_ad	India	48
516	14-02-2024	free	paid_ad	UK	38
517	09-01-2024	free	social	India	39
518	23-03-2024	free	social	Canada	33
519	07-03-2024	free	organic	USA	47
520	30-01-2024	basic	referral	India	45
521	20-02-2024	free	referral	India	55
522	24-02-2024	free	referral	India	22
523	14-03-2024	free	social	India	38
524	26-01-2024	free	organic	Canada	51
525	22-03-2024	free	paid_ad	USA	25
526	14-02-2024	free	paid_ad	India	37
527	19-03-2024	free	referral	India	33
528	09-02-2024	free	paid_ad	India	42
529	23-02-2024	free	paid_ad	USA	49
530	22-03-2024	free	social	Canada	29
531	12-03-2024	free	organic	India	46
532	20-03-2024	free	paid_ad	India	26
533	25-01-2024	pro	email	USA	49
534	22-02-2024	basic	paid_ad	Canada	49
535	22-01-2024	free	organic	Germany	36
536	05-01-2024	free	paid_ad	India	47
537	13-03-2024	basic	referral	USA	25
538	14-03-2024	free	referral	Canada	41
539	10-03-2024	pro	organic	UK	52
540	28-01-2024	enterprise	organic	Canada	33
541	08-02-2024	pro	organic	India	23
542	26-02-2024	pro	organic	Germany	31
543	16-03-2024	basic	social	UK	45
544	22-01-2024	basic	referral	Germany	21
545	13-03-2024	free	organic	USA	38
546	07-02-2024	free	organic	Canada	24
547	18-01-2024	enterprise	referral	Canada	35
548	24-03-2024	free	social	India	38
549	01-02-2024	basic	referral	USA	54
550	21-03-2024	free	paid_ad	USA	23
551	21-02-2024	free	organic	Canada	41
552	28-02-2024	enterprise	organic	India	23
553	28-02-2024	basic	referral	Canada	52
554	20-02-2024	free	paid_ad	India	35
555	11-02-2024	pro	organic	USA	54
556	03-03-2024	basic	social	Germany	20
557	13-01-2024	basic	social	India	28
558	26-02-2024	free	email	USA	26
559	24-03-2024	free	social	Canada	23
560	24-03-2024	free	organic	UK	28
561	07-01-2024	free	organic	UK	32
562	24-02-2024	basic	referral	India	48
563	10-01-2024	free	organic	UK	18
564	02-01-2024	basic	social	Canada	45
565	29-03-2024	free	organic	USA	24
566	14-01-2024	free	social	India	26
567	23-03-2024	enterprise	organic	USA	18
568	19-03-2024	basic	paid_ad	Germany	27
569	22-02-2024	basic	paid_ad	India	24
570	18-01-2024	basic	paid_ad	USA	45
571	10-02-2024	basic	organic	UK	33
572	11-03-2024	basic	referral	India	19
573	25-03-2024	pro	organic	UK	30
574	20-02-2024	free	organic	Canada	33
575	04-03-2024	free	organic	UK	22
576	08-03-2024	pro	organic	USA	38
577	17-01-2024	free	social	USA	52
578	28-03-2024	free	paid_ad	Canada	22
579	03-01-2024	free	organic	India	21
580	20-02-2024	free	referral	USA	44
581	24-02-2024	basic	organic	USA	27
582	05-02-2024	free	organic	Canada	27
583	09-03-2024	free	paid_ad	Germany	22
584	09-02-2024	basic	referral	Canada	21
585	01-02-2024	free	paid_ad	USA	21
586	09-02-2024	basic	referral	India	18
587	18-01-2024	basic	organic	Canada	51
588	07-03-2024	basic	referral	India	26
589	04-02-2024	basic	organic	Canada	39
590	24-02-2024	free	organic	UK	54
591	21-03-2024	free	paid_ad	USA	49
592	13-03-2024	free	organic	Germany	54
593	27-03-2024	basic	organic	USA	20
594	02-01-2024	free	paid_ad	USA	27
595	23-01-2024	pro	social	USA	44
596	29-01-2024	free	paid_ad	Germany	35
597	10-01-2024	free	organic	UK	21
598	23-01-2024	free	paid_ad	India	43
599	09-01-2024	pro	social	Germany	37
600	11-02-2024	free	paid_ad	USA	36
601	13-03-2024	basic	referral	India	41
602	16-03-2024	enterprise	email	Germany	52
603	01-02-2024	free	email	India	52
604	14-02-2024	basic	referral	India	39
605	01-01-2024	basic	paid_ad	Germany	37
606	14-01-2024	free	email	USA	21
607	19-01-2024	basic	organic	Canada	51
608	22-02-2024	basic	paid_ad	Canada	23
609	15-03-2024	free	organic	Germany	22
610	16-03-2024	free	paid_ad	Canada	33
611	07-02-2024	free	organic	Germany	38
612	10-02-2024	free	organic	Canada	26
613	15-03-2024	free	organic	USA	38
614	22-02-2024	free	paid_ad	Germany	46
615	09-02-2024	free	social	India	37
616	30-03-2024	basic	organic	Canada	27
617	12-01-2024	basic	email	USA	21
618	27-03-2024	free	social	India	43
619	27-02-2024	free	paid_ad	India	24
620	18-01-2024	free	organic	Germany	32
621	17-01-2024	free	paid_ad	UK	23
622	15-03-2024	free	social	India	22
623	26-01-2024	pro	paid_ad	India	39
624	16-01-2024	free	paid_ad	India	54
625	25-02-2024	pro	paid_ad	India	45
626	23-01-2024	free	social	India	46
627	20-01-2024	free	referral	India	36
628	04-03-2024	free	paid_ad	India	35
629	19-02-2024	free	organic	Canada	51
630	01-02-2024	basic	social	Germany	42
631	15-02-2024	free	referral	India	54
632	05-03-2024	free	organic	India	32
633	04-01-2024	pro	referral	India	48
634	08-03-2024	free	paid_ad	India	28
635	13-01-2024	free	organic	USA	21
636	29-01-2024	free	email	USA	29
637	23-01-2024	free	organic	Germany	40
638	16-03-2024	free	referral	Canada	54
639	19-01-2024	free	organic	Canada	49
640	10-03-2024	free	paid_ad	India	32
641	18-03-2024	free	paid_ad	India	30
642	17-01-2024	free	organic	Germany	38
643	08-01-2024	free	paid_ad	Canada	25
644	08-03-2024	pro	email	USA	43
645	16-03-2024	free	organic	India	28
646	25-02-2024	basic	email	UK	29
647	12-03-2024	basic	email	Germany	32
648	26-03-2024	free	organic	India	36
649	17-01-2024	free	organic	UK	54
650	20-02-2024	pro	referral	USA	29
651	18-03-2024	free	social	UK	54
652	14-01-2024	pro	organic	Germany	33
653	14-02-2024	enterprise	organic	Canada	23
654	26-03-2024	basic	social	USA	34
655	27-01-2024	free	organic	India	24
656	01-01-2024	free	paid_ad	USA	28
657	22-02-2024	free	paid_ad	USA	24
658	02-03-2024	basic	paid_ad	Germany	32
659	21-01-2024	free	referral	India	19
660	10-02-2024	free	organic	India	42
661	21-01-2024	basic	paid_ad	Canada	23
662	13-02-2024	free	referral	USA	19
663	25-02-2024	pro	organic	Canada	28
664	07-01-2024	free	organic	India	53
665	10-03-2024	free	organic	India	21
666	20-02-2024	free	social	India	41
667	01-01-2024	free	organic	UK	48
668	26-01-2024	free	organic	UK	23
669	01-03-2024	pro	organic	USA	49
670	25-03-2024	free	referral	USA	41
671	18-02-2024	free	paid_ad	India	47
672	03-02-2024	free	organic	India	24
673	11-01-2024	basic	social	USA	55
674	30-01-2024	free	social	Germany	44
675	09-03-2024	basic	email	USA	33
676	01-03-2024	free	paid_ad	Canada	20
677	05-03-2024	free	paid_ad	USA	27
678	16-01-2024	pro	paid_ad	Canada	28
679	28-01-2024	pro	organic	USA	45
680	26-01-2024	enterprise	referral	Canada	34
681	10-02-2024	pro	social	India	42
682	12-03-2024	free	organic	India	47
683	02-01-2024	basic	referral	USA	44
684	15-01-2024	free	organic	USA	24
685	14-01-2024	free	organic	India	52
686	14-02-2024	pro	organic	UK	54
687	18-03-2024	free	organic	USA	43
688	05-01-2024	free	social	UK	21
689	01-03-2024	pro	social	India	37
690	09-02-2024	free	paid_ad	UK	24
691	30-01-2024	free	email	USA	38
692	04-02-2024	basic	referral	India	46
693	28-01-2024	pro	paid_ad	USA	51
694	17-02-2024	pro	paid_ad	India	37
695	05-03-2024	free	referral	USA	54
696	04-01-2024	free	social	India	21
697	01-02-2024	free	organic	USA	30
698	05-02-2024	free	paid_ad	USA	25
699	28-03-2024	free	paid_ad	USA	29
700	01-03-2024	free	organic	India	34
701	29-03-2024	free	organic	India	54
702	28-01-2024	pro	referral	UK	35
703	24-03-2024	free	organic	Germany	18
704	01-03-2024	pro	referral	UK	18
705	29-01-2024	free	social	India	35
706	24-02-2024	pro	social	USA	31
707	29-02-2024	free	paid_ad	UK	55
708	14-01-2024	free	email	Canada	41
709	12-03-2024	basic	referral	India	24
710	02-03-2024	free	email	UK	35
711	03-02-2024	basic	email	UK	30
712	20-01-2024	free	organic	India	43
713	25-03-2024	free	organic	India	49
714	07-02-2024	free	paid_ad	USA	20
715	15-03-2024	basic	paid_ad	India	32
716	28-03-2024	free	referral	Canada	40
717	05-03-2024	free	organic	UK	53
718	24-01-2024	free	paid_ad	Germany	53
719	24-01-2024	pro	social	UK	32
720	15-02-2024	free	social	USA	39
721	17-02-2024	free	organic	Canada	48
722	07-01-2024	pro	paid_ad	Canada	22
723	01-03-2024	pro	paid_ad	Canada	42
724	08-03-2024	free	organic	Canada	26
725	26-01-2024	free	email	Canada	47
726	19-01-2024	free	referral	Germany	49
727	12-02-2024	basic	organic	UK	18
728	27-02-2024	free	referral	India	28
729	03-03-2024	basic	referral	India	45
730	22-03-2024	free	paid_ad	USA	18
731	05-01-2024	free	referral	Canada	38
732	08-03-2024	free	referral	UK	33
733	29-01-2024	basic	organic	India	42
734	05-03-2024	free	organic	Canada	37
735	07-02-2024	free	paid_ad	USA	45
736	28-03-2024	enterprise	organic	Canada	40
737	25-01-2024	free	social	Germany	19
738	30-01-2024	free	email	India	19
739	16-03-2024	free	organic	UK	20
740	18-02-2024	pro	organic	USA	21
741	17-03-2024	enterprise	referral	UK	19
742	07-01-2024	basic	paid_ad	USA	53
743	02-02-2024	free	organic	UK	18
744	08-02-2024	free	organic	USA	26
745	23-02-2024	pro	organic	UK	25
746	06-02-2024	free	organic	India	30
747	03-02-2024	pro	email	USA	44
748	07-02-2024	free	paid_ad	Canada	48
749	12-02-2024	free	organic	India	25
750	14-03-2024	basic	organic	India	50
751	10-01-2024	basic	organic	India	32
752	28-02-2024	enterprise	organic	USA	24
753	23-01-2024	pro	social	USA	38
754	24-02-2024	basic	organic	Germany	20
755	02-01-2024	pro	referral	India	40
756	26-02-2024	enterprise	organic	Germany	41
757	13-02-2024	free	paid_ad	Canada	35
758	19-02-2024	basic	paid_ad	USA	28
759	15-01-2024	free	referral	Canada	28
760	14-01-2024	free	paid_ad	Germany	46
761	24-01-2024	basic	referral	UK	26
762	02-03-2024	pro	organic	USA	20
763	09-01-2024	free	organic	UK	51
764	14-03-2024	basic	organic	Canada	39
765	07-03-2024	free	referral	India	33
766	02-03-2024	free	referral	USA	53
767	19-03-2024	free	referral	India	48
768	04-03-2024	pro	organic	USA	33
769	12-02-2024	enterprise	organic	India	42
770	21-02-2024	pro	organic	USA	54
771	27-02-2024	free	paid_ad	India	49
772	24-03-2024	free	paid_ad	India	53
773	01-01-2024	pro	referral	Canada	37
774	06-03-2024	free	referral	USA	39
775	16-02-2024	pro	social	Canada	39
776	12-03-2024	basic	paid_ad	UK	41
777	27-02-2024	free	referral	India	39
778	15-02-2024	pro	email	India	51
779	17-02-2024	basic	organic	India	26
780	22-02-2024	free	referral	India	43
781	28-01-2024	free	referral	UK	24
782	23-02-2024	free	referral	UK	25
783	27-02-2024	free	paid_ad	USA	49
784	01-01-2024	free	organic	Canada	55
785	02-03-2024	pro	referral	Canada	55
786	23-01-2024	basic	organic	USA	38
787	05-03-2024	pro	paid_ad	UK	33
788	05-02-2024	free	organic	India	26
789	18-01-2024	free	referral	Germany	37
790	30-03-2024	free	organic	Germany	53
791	21-03-2024	free	organic	UK	40
792	27-03-2024	free	referral	Canada	29
793	05-03-2024	free	referral	UK	40
794	12-03-2024	free	paid_ad	UK	44
795	27-03-2024	basic	social	India	45
796	02-01-2024	free	organic	India	21
797	26-01-2024	free	referral	Canada	34
798	19-01-2024	pro	referral	India	52
799	05-01-2024	free	paid_ad	UK	53
800	29-01-2024	basic	paid_ad	India	36
801	29-03-2024	basic	email	USA	38
802	11-03-2024	free	referral	India	46
803	29-01-2024	pro	referral	UK	55
804	10-03-2024	basic	organic	Germany	30
805	07-02-2024	free	email	India	29
806	06-03-2024	free	organic	India	34
807	17-01-2024	free	social	India	47
808	20-01-2024	free	email	USA	37
809	03-03-2024	basic	paid_ad	India	38
810	08-03-2024	free	organic	India	50
811	21-01-2024	free	paid_ad	India	32
812	28-01-2024	basic	organic	India	51
813	01-03-2024	enterprise	social	Canada	18
814	15-01-2024	basic	paid_ad	Canada	33
815	06-01-2024	basic	organic	Canada	25
816	19-02-2024	free	referral	India	51
817	17-02-2024	free	paid_ad	USA	36
818	24-03-2024	free	paid_ad	Canada	28
819	09-03-2024	free	referral	India	31
820	28-03-2024	free	organic	USA	45
821	23-03-2024	pro	organic	UK	19
822	28-02-2024	basic	organic	India	29
823	02-02-2024	free	paid_ad	India	34
824	22-02-2024	free	referral	USA	19
825	19-02-2024	basic	paid_ad	UK	22
826	15-03-2024	free	social	USA	50
827	14-01-2024	free	referral	UK	36
828	26-02-2024	free	social	India	28
829	09-03-2024	free	referral	Germany	52
830	07-02-2024	enterprise	organic	UK	41
831	02-01-2024	free	paid_ad	India	18
832	14-03-2024	free	paid_ad	Canada	37
833	27-01-2024	basic	social	India	44
834	23-03-2024	pro	organic	India	34
835	25-01-2024	free	referral	USA	21
836	11-03-2024	free	paid_ad	India	22
837	02-02-2024	free	referral	USA	39
838	15-02-2024	free	referral	India	22
839	25-01-2024	free	paid_ad	UK	37
840	29-03-2024	free	paid_ad	USA	38
841	24-02-2024	free	organic	Germany	45
842	05-02-2024	pro	organic	Germany	48
843	29-02-2024	free	referral	USA	24
844	23-01-2024	basic	organic	India	26
845	09-03-2024	free	referral	UK	22
846	03-01-2024	pro	referral	Germany	55
847	21-02-2024	basic	organic	India	34
848	10-03-2024	pro	paid_ad	UK	27
849	16-02-2024	free	social	USA	36
850	18-01-2024	free	paid_ad	USA	50
851	02-01-2024	basic	social	Germany	28
852	06-03-2024	free	organic	USA	54
853	25-03-2024	pro	organic	Germany	40
854	06-01-2024	free	paid_ad	India	41
855	30-01-2024	free	organic	Canada	41
856	19-02-2024	free	paid_ad	India	38
857	14-01-2024	basic	paid_ad	Canada	34
858	15-03-2024	free	organic	UK	41
859	16-03-2024	basic	social	USA	42
860	29-01-2024	free	paid_ad	Canada	49
861	02-03-2024	pro	organic	Canada	46
862	22-01-2024	free	paid_ad	India	27
863	24-01-2024	free	referral	Germany	32
864	23-02-2024	pro	referral	USA	48
865	02-03-2024	free	organic	Canada	19
866	01-02-2024	free	paid_ad	India	50
867	06-01-2024	pro	organic	India	29
868	07-03-2024	enterprise	paid_ad	USA	19
869	25-03-2024	pro	email	India	48
870	02-03-2024	free	social	UK	55
871	24-01-2024	basic	paid_ad	India	39
872	28-02-2024	free	organic	USA	26
873	14-01-2024	free	paid_ad	Canada	44
874	20-01-2024	basic	organic	Canada	20
875	09-03-2024	free	organic	USA	26
876	18-03-2024	free	organic	Canada	45
877	07-03-2024	free	social	UK	45
878	30-01-2024	pro	paid_ad	Germany	40
879	16-03-2024	pro	social	Canada	54
880	13-01-2024	free	organic	Germany	23
881	06-02-2024	free	paid_ad	India	18
882	01-01-2024	free	organic	India	31
883	29-03-2024	pro	paid_ad	India	45
884	24-03-2024	free	organic	USA	54
885	16-02-2024	basic	email	USA	31
886	22-02-2024	free	paid_ad	India	53
887	12-03-2024	free	email	USA	43
888	18-01-2024	pro	referral	Germany	46
889	30-03-2024	pro	organic	USA	39
890	11-03-2024	basic	referral	India	42
891	22-03-2024	free	organic	India	45
892	12-01-2024	free	organic	India	20
893	19-02-2024	pro	paid_ad	UK	36
894	17-03-2024	free	referral	India	49
895	26-02-2024	free	social	Canada	51
896	06-02-2024	free	referral	USA	32
897	19-03-2024	free	organic	India	18
898	21-01-2024	free	organic	USA	43
899	21-02-2024	free	paid_ad	Germany	22
900	12-01-2024	free	referral	USA	55
901	14-02-2024	free	social	India	30
902	28-02-2024	pro	paid_ad	India	44
903	05-03-2024	free	organic	India	25
904	06-03-2024	enterprise	social	Germany	54
905	02-02-2024	basic	email	USA	33
906	13-02-2024	enterprise	paid_ad	USA	55
907	04-01-2024	free	organic	USA	32
908	27-03-2024	basic	social	USA	40
909	07-03-2024	free	referral	India	36
910	12-01-2024	free	referral	India	53
911	23-01-2024	free	paid_ad	Canada	35
912	24-01-2024	pro	referral	Canada	49
913	26-01-2024	free	organic	India	32
914	26-01-2024	pro	social	USA	24
915	16-01-2024	pro	referral	UK	18
916	10-03-2024	enterprise	social	USA	38
917	04-03-2024	pro	social	USA	35
918	03-03-2024	free	referral	USA	43
919	29-01-2024	basic	organic	USA	45
920	02-03-2024	pro	organic	India	29
921	28-02-2024	enterprise	referral	USA	18
922	02-01-2024	basic	paid_ad	India	41
923	19-03-2024	pro	organic	India	35
924	01-03-2024	enterprise	organic	India	45
925	27-01-2024	free	referral	USA	43
926	05-02-2024	free	paid_ad	Canada	32
927	13-01-2024	basic	social	USA	42
928	26-01-2024	free	email	India	18
929	23-01-2024	free	organic	Canada	51
930	09-03-2024	basic	referral	India	53
931	13-03-2024	free	organic	India	31
932	02-02-2024	free	referral	USA	39
933	03-02-2024	free	paid_ad	Canada	34
934	14-02-2024	free	organic	Canada	30
935	14-03-2024	free	referral	India	36
936	15-02-2024	free	paid_ad	Germany	46
937	11-01-2024	free	organic	UK	27
938	22-01-2024	basic	email	USA	54
939	21-02-2024	pro	organic	India	32
940	10-02-2024	free	organic	India	43
941	04-02-2024	pro	referral	Canada	55
942	07-03-2024	enterprise	paid_ad	India	19
943	17-01-2024	basic	referral	Canada	23
944	27-01-2024	free	organic	India	48
945	11-03-2024	free	referral	USA	23
946	14-01-2024	free	organic	UK	42
947	09-02-2024	free	referral	USA	26
948	17-01-2024	free	organic	India	40
949	11-02-2024	pro	paid_ad	Canada	35
950	11-03-2024	free	email	UK	29
951	16-03-2024	free	referral	UK	54
952	25-02-2024	free	referral	India	40
953	02-03-2024	free	social	USA	41
954	22-02-2024	free	organic	India	26
955	14-02-2024	free	paid_ad	UK	49
956	02-03-2024	free	referral	Germany	32
957	01-01-2024	free	organic	Canada	45
958	20-02-2024	free	referral	UK	42
959	29-01-2024	free	paid_ad	India	35
960	06-02-2024	basic	paid_ad	India	30
961	09-01-2024	free	organic	UK	46
962	04-02-2024	basic	paid_ad	India	27
963	07-01-2024	enterprise	organic	Canada	36
964	04-02-2024	free	paid_ad	India	23
965	20-01-2024	free	organic	USA	49
966	17-02-2024	free	referral	India	27
967	08-01-2024	free	paid_ad	USA	29
968	25-01-2024	pro	organic	USA	18
969	16-01-2024	enterprise	referral	USA	46
970	01-02-2024	basic	organic	USA	24
971	07-03-2024	basic	organic	USA	37
972	11-02-2024	free	referral	Germany	53
973	07-03-2024	free	paid_ad	India	41
974	07-01-2024	pro	organic	India	45
975	11-02-2024	free	referral	USA	43
976	01-02-2024	free	organic	Germany	48
977	29-03-2024	free	paid_ad	India	28
978	04-03-2024	free	referral	Canada	21
979	08-01-2024	free	organic	USA	24
980	17-01-2024	free	organic	USA	40
981	26-02-2024	basic	organic	USA	26
982	02-02-2024	pro	paid_ad	USA	36
983	10-03-2024	basic	organic	India	40
984	11-02-2024	basic	organic	Canada	53
985	21-01-2024	free	organic	India	34
986	10-03-2024	free	organic	UK	42
987	24-01-2024	pro	referral	USA	33
988	11-02-2024	basic	referral	USA	42
989	25-01-2024	free	paid_ad	USA	36
990	11-02-2024	free	organic	India	22
991	06-01-2024	pro	organic	Canada	30
992	14-01-2024	free	organic	USA	42
993	25-03-2024	free	referral	USA	21
994	16-02-2024	free	referral	India	31
995	24-03-2024	free	social	India	21
996	16-02-2024	free	email	USA	41
997	08-01-2024	pro	organic	India	22
998	08-02-2024	free	organic	USA	24
999	30-01-2024	free	organic	USA	33
1000	13-03-2024	basic	organic	Germany	44
1001	14-01-2024	basic	paid_ad	UK	45
1002	14-01-2024	free	organic	USA	39
1003	25-03-2024	free	email	USA	40
1004	10-02-2024	free	email	Canada	44
1005	22-03-2024	free	referral	UK	54
1006	10-03-2024	free	referral	Canada	34
1007	16-02-2024	enterprise	paid_ad	USA	20
1008	06-02-2024	free	paid_ad	Canada	37
1009	01-01-2024	free	organic	Canada	19
1010	29-03-2024	pro	social	USA	54
1011	14-03-2024	free	organic	USA	26
1012	03-02-2024	free	paid_ad	India	37
1013	12-01-2024	free	paid_ad	India	22
1014	11-02-2024	basic	organic	Canada	54
1015	13-01-2024	free	organic	Germany	54
1016	18-02-2024	free	organic	Germany	40
1017	25-02-2024	free	social	Canada	32
1018	24-03-2024	pro	email	UK	42
1019	07-01-2024	free	organic	USA	27
1020	11-02-2024	free	organic	India	43
1021	27-02-2024	basic	paid_ad	India	45
1022	07-02-2024	basic	organic	India	48
1023	14-03-2024	basic	paid_ad	India	43
1024	05-03-2024	free	referral	Germany	48
1025	12-03-2024	free	paid_ad	USA	53
1026	19-03-2024	enterprise	paid_ad	India	35
1027	25-02-2024	free	email	India	44
1028	24-02-2024	free	organic	India	19
1029	09-02-2024	free	organic	Canada	46
1030	20-03-2024	free	organic	Germany	30
1031	28-03-2024	free	referral	Canada	25
1032	07-01-2024	free	referral	India	36
1033	02-01-2024	free	social	India	48
1034	03-01-2024	free	referral	India	52
1035	07-03-2024	basic	paid_ad	UK	27
1036	29-03-2024	basic	organic	USA	51
1037	06-01-2024	free	organic	India	35
1038	07-01-2024	free	email	India	35
1039	25-03-2024	pro	referral	Canada	19
1040	07-02-2024	pro	referral	India	42
1041	06-03-2024	enterprise	organic	India	52
1042	12-01-2024	free	paid_ad	USA	19
1043	06-01-2024	free	paid_ad	India	43
1044	21-01-2024	free	referral	USA	37
1045	31-01-2024	enterprise	email	India	21
1046	21-03-2024	free	paid_ad	Canada	19
1047	12-03-2024	pro	organic	India	43
1048	25-03-2024	free	referral	USA	32
1049	23-02-2024	free	organic	Canada	39
1050	27-02-2024	free	organic	India	52
1051	28-03-2024	pro	social	India	51
1052	18-01-2024	free	social	Germany	54
1053	21-01-2024	free	paid_ad	Canada	25
1054	24-01-2024	free	social	Germany	38
1055	22-02-2024	enterprise	organic	Germany	35
1056	20-01-2024	basic	organic	India	35
1057	18-03-2024	free	organic	India	19
1058	15-02-2024	free	referral	India	48
1059	24-03-2024	free	social	USA	26
1060	21-01-2024	free	organic	Germany	18
1061	04-02-2024	enterprise	organic	UK	30
1062	27-01-2024	free	email	Canada	49
1063	29-03-2024	free	paid_ad	India	43
1064	06-01-2024	basic	social	Germany	43
1065	19-03-2024	pro	paid_ad	USA	20
1066	07-03-2024	free	paid_ad	Canada	33
1067	07-03-2024	free	email	India	42
1068	07-03-2024	basic	email	India	46
1069	20-02-2024	pro	referral	India	28
1070	24-02-2024	free	social	UK	27
1071	29-02-2024	pro	paid_ad	Germany	25
1072	24-01-2024	basic	email	UK	26
1073	20-02-2024	free	paid_ad	India	55
1074	26-01-2024	pro	organic	India	28
1075	16-01-2024	free	referral	UK	23
1076	08-03-2024	basic	referral	Canada	28
1077	18-02-2024	free	organic	India	39
1078	13-03-2024	pro	social	India	27
1079	23-01-2024	basic	organic	India	46
1080	06-02-2024	basic	organic	India	30
1081	01-01-2024	basic	organic	USA	49
1082	10-03-2024	pro	referral	USA	31
1083	16-03-2024	basic	paid_ad	USA	18
1084	01-02-2024	pro	organic	UK	31
1085	07-01-2024	free	organic	India	27
1086	05-01-2024	basic	social	India	23
1087	07-01-2024	free	email	India	36
1088	19-03-2024	basic	referral	USA	53
1089	23-01-2024	enterprise	referral	USA	20
1090	12-01-2024	basic	organic	Canada	22
1091	24-02-2024	pro	organic	USA	25
1092	29-03-2024	pro	organic	USA	31
1093	30-03-2024	free	organic	USA	51
1094	12-01-2024	free	referral	Canada	36
1095	24-02-2024	basic	organic	USA	40
1096	17-01-2024	basic	paid_ad	Germany	49
1097	04-03-2024	pro	social	India	36
1098	25-01-2024	free	organic	UK	25
1099	27-01-2024	basic	email	USA	39
1100	14-02-2024	free	referral	India	30
1101	29-03-2024	free	referral	India	50
1102	11-03-2024	free	organic	UK	39
1103	20-02-2024	basic	referral	India	29
1104	25-01-2024	free	organic	UK	48
1105	05-01-2024	basic	paid_ad	UK	52
1106	12-02-2024	free	social	Canada	21
1107	07-03-2024	free	referral	India	52
1108	03-01-2024	free	referral	Germany	40
1109	09-01-2024	enterprise	organic	India	42
1110	21-03-2024	free	organic	UK	29
1111	17-03-2024	free	referral	India	38
1112	05-01-2024	free	organic	Canada	41
1113	27-02-2024	pro	organic	USA	29
1114	15-01-2024	free	organic	India	23
1115	26-02-2024	free	referral	Canada	27
1116	25-01-2024	free	paid_ad	Canada	37
1117	11-02-2024	free	social	Canada	51
1118	27-03-2024	enterprise	organic	India	42
1119	07-03-2024	free	organic	India	23
1120	12-02-2024	free	organic	USA	37
1121	03-01-2024	free	organic	Canada	38
1122	26-01-2024	free	organic	India	46
1123	26-03-2024	free	organic	India	18
1124	20-03-2024	free	organic	USA	53
1125	10-02-2024	free	email	Germany	54
1126	01-02-2024	free	organic	Canada	52
1127	26-02-2024	free	organic	Canada	21
1128	14-01-2024	free	organic	USA	55
1129	21-03-2024	pro	referral	UK	37
1130	12-02-2024	pro	referral	UK	52
1131	11-01-2024	enterprise	referral	USA	26
1132	12-01-2024	pro	social	USA	47
1133	09-02-2024	basic	referral	USA	32
1134	29-01-2024	free	social	India	41
1135	20-02-2024	free	social	India	38
1136	28-02-2024	free	organic	India	48
1137	29-02-2024	pro	organic	India	54
1138	17-01-2024	free	paid_ad	UK	24
1139	11-02-2024	free	organic	India	47
1140	21-02-2024	free	organic	India	28
1141	02-03-2024	free	organic	Germany	55
1142	25-02-2024	basic	paid_ad	Germany	52
1143	29-03-2024	free	referral	India	54
1144	03-03-2024	free	paid_ad	India	24
1145	26-02-2024	free	email	India	24
1146	28-03-2024	pro	referral	USA	49
1147	23-03-2024	basic	organic	Germany	55
1148	22-03-2024	pro	referral	UK	46
1149	09-03-2024	free	referral	USA	31
1150	28-03-2024	pro	organic	Germany	37
1151	25-02-2024	basic	social	Canada	55
1152	02-01-2024	basic	paid_ad	Canada	36
1153	08-01-2024	free	paid_ad	India	53
1154	15-02-2024	free	organic	India	45
1155	30-03-2024	free	referral	UK	43
1156	18-02-2024	free	organic	India	26
1157	25-01-2024	free	social	USA	44
1158	20-01-2024	free	social	India	18
1159	10-01-2024	basic	organic	Canada	45
1160	18-01-2024	free	referral	USA	47
1161	30-03-2024	basic	paid_ad	India	50
1162	24-02-2024	free	paid_ad	USA	29
1163	24-02-2024	basic	paid_ad	Canada	33
1164	05-03-2024	free	email	USA	20
1165	05-01-2024	free	referral	India	48
1166	29-03-2024	free	referral	USA	35
1167	29-02-2024	free	paid_ad	UK	33
1168	01-03-2024	basic	referral	UK	52
1169	15-03-2024	free	organic	India	18
1170	01-03-2024	free	social	USA	39
1171	23-02-2024	free	email	India	28
1172	05-01-2024	basic	paid_ad	India	54
1173	03-02-2024	free	paid_ad	India	21
1174	25-03-2024	enterprise	social	UK	36
1175	03-03-2024	free	paid_ad	Canada	35
1176	02-02-2024	free	organic	Canada	18
1177	15-01-2024	basic	social	Germany	46
1178	17-02-2024	pro	organic	UK	49
1179	24-01-2024	basic	social	India	23
1180	19-01-2024	free	social	Canada	44
1181	19-02-2024	free	paid_ad	UK	31
1182	14-03-2024	basic	organic	UK	25
1183	07-01-2024	free	paid_ad	India	52
1184	30-01-2024	free	referral	USA	27
1185	08-03-2024	pro	organic	Canada	46
1186	18-02-2024	basic	email	UK	20
1187	13-01-2024	pro	referral	Canada	45
1188	19-03-2024	pro	social	India	35
1189	13-01-2024	free	paid_ad	USA	33
1190	27-03-2024	free	organic	India	29
1191	10-02-2024	free	referral	Canada	18
1192	22-02-2024	free	organic	USA	32
1193	06-02-2024	free	organic	UK	21
1194	17-03-2024	basic	social	Canada	25
1195	16-01-2024	free	referral	USA	54
1196	24-01-2024	pro	referral	India	47
1197	25-03-2024	pro	referral	Canada	35
1198	24-02-2024	basic	referral	Germany	34
1199	21-01-2024	basic	organic	India	42
1200	12-02-2024	enterprise	organic	Germany	29
1201	26-02-2024	free	email	India	43
1202	23-01-2024	basic	organic	USA	45
1203	28-01-2024	basic	organic	USA	34
1204	14-01-2024	free	organic	Germany	46
1205	03-01-2024	pro	organic	UK	20
1206	26-03-2024	free	organic	India	43
1207	14-03-2024	free	referral	Germany	48
1208	25-02-2024	free	referral	Germany	22
1209	10-03-2024	free	paid_ad	UK	48
1210	16-01-2024	free	email	USA	37
1211	21-02-2024	free	email	UK	41
1212	09-03-2024	pro	organic	Canada	36
1213	23-03-2024	free	paid_ad	Canada	30
1214	08-02-2024	basic	social	UK	40
1215	03-03-2024	free	referral	Germany	26
1216	05-01-2024	free	referral	USA	49
1217	19-02-2024	free	paid_ad	India	52
1218	27-02-2024	enterprise	organic	India	39
1219	06-01-2024	free	organic	UK	51
1220	28-02-2024	pro	social	USA	55
1221	30-01-2024	pro	organic	India	19
1222	01-03-2024	pro	referral	India	26
1223	02-01-2024	free	organic	India	24
1224	28-02-2024	basic	social	India	24
1225	15-01-2024	free	referral	India	30
1226	24-02-2024	free	social	Germany	43
1227	11-02-2024	free	referral	USA	38
1228	28-01-2024	basic	paid_ad	India	25
1229	05-02-2024	free	paid_ad	UK	53
1230	22-01-2024	free	email	India	24
1231	21-03-2024	basic	referral	India	49
1232	11-01-2024	free	organic	India	55
1233	06-02-2024	free	social	Germany	26
1234	27-01-2024	free	organic	USA	33
1235	23-01-2024	basic	organic	India	49
1236	19-03-2024	enterprise	referral	Germany	40
1237	23-02-2024	free	organic	India	51
1238	13-01-2024	basic	social	Canada	50
1239	29-01-2024	free	referral	India	21
1240	25-01-2024	free	organic	Canada	48
1241	04-03-2024	free	referral	India	41
1242	06-02-2024	free	organic	UK	47
1243	06-01-2024	free	organic	USA	28
1244	04-01-2024	free	organic	Canada	46
1245	16-03-2024	free	paid_ad	Germany	38
1246	30-01-2024	basic	organic	India	44
1247	26-01-2024	free	organic	USA	49
1248	07-01-2024	pro	organic	Canada	47
1249	23-01-2024	free	organic	UK	40
1250	04-02-2024	free	organic	UK	21
1251	05-02-2024	free	social	USA	28
1252	13-02-2024	free	organic	India	28
1253	14-03-2024	enterprise	social	India	51
1254	03-03-2024	pro	organic	USA	47
1255	05-02-2024	free	paid_ad	Canada	33
1256	11-02-2024	free	organic	Canada	27
1257	14-03-2024	pro	paid_ad	India	48
1258	05-03-2024	free	paid_ad	USA	24
1259	27-02-2024	free	organic	Germany	44
1260	28-01-2024	free	organic	UK	23
1261	03-01-2024	free	organic	UK	54
1262	15-03-2024	free	paid_ad	Germany	43
1263	24-01-2024	basic	paid_ad	USA	18
1264	21-03-2024	free	social	India	20
1265	07-02-2024	free	organic	Canada	52
1266	14-03-2024	basic	referral	India	39
1267	08-01-2024	free	social	USA	21
1268	15-01-2024	free	paid_ad	India	41
1269	23-01-2024	basic	referral	USA	31
1270	18-01-2024	enterprise	organic	India	48
1271	15-03-2024	pro	referral	Germany	32
1272	11-02-2024	free	organic	UK	35
1273	07-01-2024	free	organic	USA	51
1274	16-01-2024	free	paid_ad	Canada	36
1275	27-02-2024	basic	referral	Canada	22
1276	25-01-2024	pro	paid_ad	India	29
1277	06-02-2024	enterprise	organic	India	25
1278	30-03-2024	free	organic	India	19
1279	07-02-2024	free	referral	Canada	48
1280	14-02-2024	free	referral	India	30
1281	09-01-2024	free	social	Canada	51
1282	23-03-2024	free	paid_ad	UK	38
1283	03-03-2024	free	referral	Canada	46
1284	28-02-2024	free	organic	Germany	28
1285	03-02-2024	free	paid_ad	India	21
1286	19-01-2024	free	paid_ad	India	28
1287	09-03-2024	free	email	Canada	27
1288	21-01-2024	free	organic	India	26
1289	26-02-2024	free	organic	USA	20
1290	26-03-2024	free	organic	USA	52
1291	21-01-2024	free	organic	India	49
1292	19-01-2024	pro	email	India	52
1293	05-03-2024	free	referral	USA	36
1294	14-03-2024	basic	referral	Germany	46
1295	13-02-2024	basic	referral	Canada	26
1296	27-03-2024	free	organic	USA	32
1297	27-02-2024	free	organic	UK	30
1298	15-03-2024	free	referral	Germany	30
1299	03-01-2024	free	social	UK	23
1300	06-03-2024	free	paid_ad	UK	50
1301	08-01-2024	pro	paid_ad	India	45
1302	17-02-2024	free	organic	India	37
1303	27-02-2024	pro	organic	Germany	46
1304	23-02-2024	pro	organic	Germany	45
1305	23-02-2024	free	paid_ad	India	31
1306	08-02-2024	free	social	Canada	22
1307	16-03-2024	basic	organic	USA	35
1308	23-02-2024	free	paid_ad	USA	26
1309	26-01-2024	free	paid_ad	USA	20
1310	08-02-2024	pro	organic	USA	47
1311	29-01-2024	free	organic	India	48
1312	16-01-2024	basic	social	USA	49
1313	29-03-2024	basic	organic	Germany	49
1314	09-01-2024	free	paid_ad	USA	45
1315	03-02-2024	basic	paid_ad	UK	25
1316	17-02-2024	free	paid_ad	Canada	28
1317	15-03-2024	free	organic	Canada	26
1318	15-02-2024	free	organic	USA	40
1319	07-01-2024	free	paid_ad	Canada	50
1320	25-01-2024	basic	organic	India	28
1321	10-03-2024	free	organic	Canada	37
1322	04-02-2024	basic	referral	India	55
1323	15-02-2024	pro	organic	USA	41
1324	03-03-2024	free	email	India	31
1325	20-01-2024	free	social	Germany	53
1326	19-03-2024	basic	email	Canada	53
1327	30-03-2024	basic	organic	USA	22
1328	15-01-2024	pro	email	USA	37
1329	29-03-2024	free	social	Canada	51
1330	13-02-2024	free	organic	Germany	25
1331	29-01-2024	free	referral	UK	37
1332	17-01-2024	free	email	USA	25
1333	10-01-2024	free	paid_ad	USA	30
1334	14-01-2024	free	referral	USA	48
1335	16-01-2024	pro	organic	India	18
1336	13-01-2024	basic	email	India	30
1337	24-01-2024	basic	organic	India	35
1338	15-03-2024	free	organic	USA	33
1339	05-03-2024	free	organic	USA	18
1340	08-03-2024	free	organic	India	52
1341	01-01-2024	enterprise	organic	India	50
1342	01-03-2024	free	paid_ad	USA	24
1343	24-01-2024	pro	email	USA	50
1344	30-01-2024	free	referral	India	47
1345	15-01-2024	free	paid_ad	USA	36
1346	12-03-2024	basic	organic	USA	42
1347	06-02-2024	free	referral	UK	46
1348	29-01-2024	free	organic	Canada	30
1349	09-01-2024	pro	social	Canada	41
1350	23-01-2024	free	referral	UK	43
1351	26-02-2024	free	referral	India	43
1352	21-02-2024	basic	email	Germany	28
1353	09-01-2024	free	organic	India	43
1354	16-01-2024	free	paid_ad	USA	55
1355	16-03-2024	free	referral	UK	43
1356	15-02-2024	free	referral	USA	49
1357	06-03-2024	free	referral	India	34
1358	03-03-2024	free	referral	India	24
1359	07-01-2024	pro	paid_ad	India	29
1360	18-02-2024	basic	organic	India	24
1361	10-01-2024	basic	paid_ad	USA	47
1362	26-01-2024	free	paid_ad	USA	52
1363	13-02-2024	pro	paid_ad	India	20
1364	25-02-2024	pro	organic	USA	42
1365	26-02-2024	free	organic	USA	37
1366	22-01-2024	free	organic	UK	49
1367	15-01-2024	free	paid_ad	USA	52
1368	14-03-2024	free	paid_ad	India	21
1369	20-02-2024	free	paid_ad	USA	40
1370	06-02-2024	free	organic	India	41
1371	14-02-2024	pro	paid_ad	Germany	39
1372	18-02-2024	free	organic	USA	40
1373	08-01-2024	basic	organic	UK	55
1374	11-01-2024	pro	organic	India	39
1375	22-01-2024	free	organic	USA	45
1376	13-03-2024	free	paid_ad	India	48
1377	16-03-2024	free	organic	USA	38
1378	14-03-2024	free	paid_ad	UK	31
1379	13-02-2024	free	social	UK	28
1380	19-03-2024	free	email	India	22
1381	09-03-2024	free	organic	India	54
1382	21-02-2024	pro	referral	Canada	55
1383	13-01-2024	free	organic	USA	51
1384	01-03-2024	free	organic	India	37
1385	05-03-2024	pro	paid_ad	USA	30
1386	23-02-2024	free	referral	USA	53
1387	24-01-2024	pro	referral	USA	29
1388	14-03-2024	free	referral	Canada	47
1389	04-02-2024	pro	paid_ad	UK	45
1390	13-03-2024	basic	organic	India	47
1391	19-01-2024	free	referral	Germany	45
1392	22-02-2024	free	social	India	31
1393	22-02-2024	free	organic	India	33
1394	21-02-2024	free	organic	India	37
1395	29-02-2024	free	email	USA	20
1396	26-01-2024	free	organic	India	35
1397	25-03-2024	free	referral	India	49
1398	03-01-2024	free	social	India	37
1399	09-01-2024	pro	paid_ad	USA	23
1400	20-02-2024	pro	referral	India	25
1401	14-03-2024	basic	email	USA	55
1402	08-03-2024	free	social	India	25
1403	10-02-2024	free	paid_ad	USA	33
1404	24-02-2024	free	organic	India	35
1405	26-02-2024	free	social	India	52
1406	17-02-2024	basic	organic	USA	48
1407	28-03-2024	free	organic	Germany	27
1408	16-02-2024	free	paid_ad	India	20
1409	25-03-2024	basic	organic	Canada	33
1410	02-02-2024	free	organic	Canada	41
1411	28-03-2024	free	social	Canada	42
1412	02-01-2024	pro	paid_ad	Canada	34
1413	08-02-2024	free	social	India	31
1414	21-01-2024	pro	referral	Canada	44
1415	05-01-2024	free	organic	Germany	49
1416	01-03-2024	basic	email	India	45
1417	13-01-2024	pro	referral	USA	40
1418	23-02-2024	basic	social	Germany	47
1419	29-03-2024	free	organic	UK	46
1420	23-03-2024	free	paid_ad	UK	38
1421	14-03-2024	free	organic	USA	26
1422	17-03-2024	basic	referral	India	48
1423	18-01-2024	free	referral	Canada	36
1424	26-01-2024	free	paid_ad	USA	42
1425	14-03-2024	free	email	Canada	32
1426	12-01-2024	enterprise	organic	UK	28
1427	07-01-2024	free	paid_ad	India	23
1428	17-02-2024	free	paid_ad	India	51
1429	25-02-2024	basic	email	Canada	49
1430	16-01-2024	free	organic	Canada	35
1431	06-02-2024	basic	paid_ad	USA	31
1432	17-03-2024	free	social	Germany	30
1433	23-02-2024	free	referral	India	34
1434	31-01-2024	basic	social	USA	47
1435	11-01-2024	free	organic	India	43
1436	28-03-2024	free	paid_ad	USA	34
1437	10-01-2024	free	organic	India	33
1438	01-03-2024	pro	email	Canada	20
1439	01-01-2024	free	referral	India	43
1440	26-03-2024	free	email	USA	55
1441	23-01-2024	free	paid_ad	Canada	47
1442	17-01-2024	free	referral	USA	34
1443	15-01-2024	free	email	USA	35
1444	16-02-2024	pro	organic	Canada	34
1445	07-03-2024	free	social	India	49
1446	20-01-2024	free	email	UK	46
1447	07-01-2024	free	organic	India	48
1448	03-02-2024	free	paid_ad	India	49
1449	06-01-2024	free	email	USA	47
1450	04-03-2024	free	referral	India	40
1451	12-01-2024	free	organic	Canada	50
1452	04-02-2024	free	referral	India	18
1453	08-03-2024	basic	organic	Canada	33
1454	04-03-2024	basic	social	India	25
1455	20-02-2024	free	email	India	38
1456	20-01-2024	free	paid_ad	UK	48
1457	28-02-2024	basic	organic	UK	39
1458	06-01-2024	basic	email	India	54
1459	17-01-2024	free	organic	UK	38
1460	08-01-2024	basic	paid_ad	UK	23
1461	21-02-2024	free	organic	Germany	43
1462	12-01-2024	free	organic	USA	43
1463	06-02-2024	basic	email	India	37
1464	03-03-2024	pro	referral	Canada	26
1465	15-02-2024	basic	social	USA	49
1466	27-02-2024	pro	paid_ad	USA	45
1467	12-01-2024	basic	social	UK	45
1468	21-03-2024	free	organic	India	47
1469	27-03-2024	free	referral	India	49
1470	08-03-2024	basic	paid_ad	India	45
1471	11-01-2024	pro	paid_ad	India	26
1472	28-03-2024	pro	social	USA	36
1473	13-03-2024	free	organic	India	24
1474	06-03-2024	free	organic	UK	54
1475	02-02-2024	free	paid_ad	Germany	19
1476	15-01-2024	basic	paid_ad	Germany	43
1477	06-01-2024	free	social	India	55
1478	28-02-2024	basic	paid_ad	Germany	39
1479	24-01-2024	free	organic	Canada	34
1480	27-03-2024	free	paid_ad	India	25
1481	02-01-2024	free	paid_ad	UK	49
1482	08-02-2024	basic	email	USA	43
1483	08-02-2024	free	organic	India	19
1484	30-03-2024	enterprise	social	India	27
1485	24-03-2024	free	social	Canada	52
1486	25-01-2024	free	referral	India	45
1487	03-01-2024	free	social	Germany	46
1488	03-03-2024	free	social	USA	30
1489	07-02-2024	free	social	India	18
1490	14-01-2024	basic	referral	Canada	49
1491	15-03-2024	free	paid_ad	India	49
1492	21-02-2024	free	paid_ad	UK	49
1493	30-01-2024	basic	paid_ad	USA	38
1494	11-03-2024	free	social	USA	48
1495	15-01-2024	free	email	India	45
1496	03-01-2024	free	referral	USA	46
1497	30-01-2024	free	paid_ad	UK	47
1498	17-01-2024	pro	referral	USA	44
1499	27-03-2024	basic	paid_ad	USA	28
1500	20-03-2024	free	referral	India	48
1501	17-01-2024	free	organic	USA	44
1502	04-03-2024	free	organic	India	19
1503	15-02-2024	pro	paid_ad	India	50
1504	05-01-2024	pro	organic	India	32
1505	16-01-2024	free	paid_ad	Canada	40
1506	06-01-2024	basic	paid_ad	Canada	50
1507	18-03-2024	basic	referral	Canada	46
1508	28-02-2024	enterprise	referral	Canada	24
1509	12-03-2024	free	organic	UK	31
1510	16-02-2024	free	organic	USA	50
1511	04-03-2024	basic	organic	UK	39
1512	18-01-2024	free	organic	Canada	18
1513	01-02-2024	pro	paid_ad	India	28
1514	11-01-2024	free	referral	USA	33
1515	20-01-2024	basic	paid_ad	Germany	26
1516	24-02-2024	free	paid_ad	USA	51
1517	28-03-2024	free	organic	India	18
1518	07-03-2024	pro	organic	India	28
1519	25-02-2024	free	referral	UK	27
1520	14-03-2024	free	referral	UK	51
1521	07-02-2024	free	social	UK	37
1522	10-02-2024	pro	organic	India	51
1523	19-03-2024	pro	referral	USA	31
1524	10-03-2024	basic	referral	USA	40
1525	24-03-2024	free	organic	India	20
1526	09-03-2024	free	referral	Germany	26
1527	07-03-2024	enterprise	organic	India	53
1528	09-02-2024	free	referral	India	19
1529	10-03-2024	free	organic	Germany	45
1530	05-03-2024	free	organic	USA	50
1531	15-02-2024	free	referral	Canada	46
1532	08-02-2024	free	organic	India	33
1533	15-03-2024	free	social	UK	52
1534	17-03-2024	free	organic	UK	54
1535	27-03-2024	free	paid_ad	Germany	24
1536	11-02-2024	free	organic	Germany	47
1537	13-01-2024	free	paid_ad	USA	23
1538	08-01-2024	free	organic	India	22
1539	17-02-2024	basic	paid_ad	USA	43
1540	03-02-2024	free	referral	Canada	49
1541	23-02-2024	pro	organic	India	47
1542	17-01-2024	enterprise	paid_ad	USA	31
1543	28-02-2024	free	referral	Canada	41
1544	16-01-2024	basic	paid_ad	India	54
1545	07-02-2024	free	organic	USA	41
1546	08-02-2024	free	organic	India	55
1547	23-02-2024	free	social	Canada	31
1548	24-01-2024	pro	paid_ad	India	40
1549	09-01-2024	pro	paid_ad	USA	54
1550	27-02-2024	pro	referral	USA	26
1551	18-01-2024	free	paid_ad	USA	46
1552	20-01-2024	pro	organic	Germany	44
1553	19-02-2024	free	paid_ad	USA	46
1554	05-02-2024	basic	social	UK	54
1555	21-03-2024	basic	referral	USA	25
1556	23-03-2024	free	organic	UK	54
1557	07-01-2024	enterprise	paid_ad	Germany	50
1558	03-01-2024	free	email	India	19
1559	05-02-2024	basic	organic	UK	55
1560	26-02-2024	free	paid_ad	India	55
1561	06-01-2024	free	email	India	29
1562	23-02-2024	free	paid_ad	USA	23
1563	15-01-2024	enterprise	paid_ad	India	29
1564	02-02-2024	basic	organic	Canada	28
1565	08-01-2024	basic	organic	India	21
1566	08-02-2024	free	organic	USA	38
1567	03-02-2024	free	social	India	30
1568	31-01-2024	basic	paid_ad	USA	50
1569	19-02-2024	pro	organic	India	53
1570	22-02-2024	free	organic	UK	19
1571	04-02-2024	free	paid_ad	India	53
1572	24-03-2024	basic	organic	USA	23
1573	22-03-2024	free	referral	India	52
1574	22-01-2024	basic	paid_ad	USA	53
1575	27-02-2024	free	social	Canada	36
1576	24-03-2024	enterprise	organic	Canada	48
1577	04-02-2024	free	social	USA	40
1578	21-03-2024	free	social	India	28
1579	09-03-2024	free	organic	USA	25
1580	18-01-2024	basic	email	Canada	31
1581	19-03-2024	free	social	Canada	39
1582	22-03-2024	free	referral	USA	33
1583	25-03-2024	enterprise	organic	USA	39
1584	03-01-2024	pro	organic	Canada	48
1585	01-01-2024	pro	referral	USA	49
1586	20-02-2024	free	referral	UK	22
1587	09-03-2024	free	social	UK	25
1588	15-02-2024	enterprise	paid_ad	UK	42
1589	23-01-2024	pro	social	Canada	25
1590	29-02-2024	free	organic	India	19
1591	05-02-2024	basic	referral	India	37
1592	29-01-2024	free	paid_ad	USA	35
1593	04-03-2024	pro	referral	India	30
1594	22-03-2024	free	social	USA	49
1595	22-01-2024	free	referral	USA	54
1596	23-01-2024	free	organic	India	34
1597	13-03-2024	pro	social	Germany	35
1598	25-01-2024	pro	organic	Canada	52
1599	19-03-2024	free	paid_ad	USA	45
1600	23-03-2024	basic	referral	Canada	38
1601	25-02-2024	pro	paid_ad	India	51
1602	29-02-2024	free	paid_ad	India	32
1603	07-01-2024	free	paid_ad	USA	18
1604	20-02-2024	free	organic	USA	19
1605	29-01-2024	enterprise	paid_ad	India	33
1606	26-01-2024	free	organic	UK	24
1607	04-01-2024	free	social	USA	39
1608	02-02-2024	free	paid_ad	Canada	21
1609	12-02-2024	free	organic	India	46
1610	13-01-2024	basic	paid_ad	India	21
1611	05-01-2024	free	social	UK	26
1612	08-01-2024	pro	paid_ad	India	45
1613	09-01-2024	free	organic	India	42
1614	21-02-2024	free	referral	India	18
1615	28-02-2024	free	referral	Canada	24
1616	13-02-2024	basic	referral	India	51
1617	12-02-2024	free	organic	India	22
1618	16-03-2024	basic	organic	USA	50
1619	02-02-2024	free	paid_ad	UK	29
1620	01-02-2024	free	organic	India	55
1621	25-02-2024	free	referral	USA	55
1622	10-03-2024	basic	organic	India	39
1623	07-02-2024	free	organic	USA	27
1624	08-01-2024	free	social	USA	21
1625	24-02-2024	free	email	UK	30
1626	09-01-2024	free	referral	UK	47
1627	17-03-2024	basic	social	USA	39
1628	19-03-2024	free	organic	India	20
1629	04-03-2024	free	organic	India	32
1630	29-02-2024	basic	organic	Germany	39
1631	18-02-2024	free	organic	Canada	41
1632	02-01-2024	free	organic	India	36
1633	26-02-2024	free	paid_ad	Germany	20
1634	04-01-2024	free	organic	India	34
1635	23-01-2024	free	paid_ad	India	19
1636	23-01-2024	pro	social	India	26
1637	18-02-2024	basic	social	India	31
1638	09-02-2024	free	paid_ad	USA	28
1639	08-03-2024	enterprise	email	Canada	22
1640	16-01-2024	free	email	Germany	30
1641	09-03-2024	free	paid_ad	USA	33
1642	06-01-2024	basic	paid_ad	Canada	36
1643	20-01-2024	free	organic	Germany	26
1644	06-03-2024	enterprise	social	India	23
1645	01-03-2024	basic	referral	India	42
1646	23-03-2024	basic	paid_ad	USA	29
1647	11-02-2024	basic	paid_ad	USA	49
1648	01-03-2024	free	paid_ad	Canada	55
1649	24-03-2024	free	organic	India	33
1650	20-02-2024	free	paid_ad	USA	28
1651	17-02-2024	free	organic	Germany	36
1652	26-02-2024	free	organic	India	50
1653	20-03-2024	free	paid_ad	USA	41
1654	04-03-2024	free	paid_ad	India	32
1655	03-02-2024	basic	paid_ad	India	50
1656	06-03-2024	free	organic	India	32
1657	13-01-2024	free	paid_ad	USA	39
1658	26-01-2024	basic	organic	Germany	35
1659	25-01-2024	basic	email	Canada	52
1660	03-02-2024	free	organic	Canada	43
1661	21-02-2024	pro	referral	India	50
1662	20-01-2024	pro	organic	Germany	31
1663	01-03-2024	free	paid_ad	USA	47
1664	29-02-2024	free	organic	Canada	45
1665	30-03-2024	free	paid_ad	Canada	19
1666	17-02-2024	free	social	India	18
1667	04-03-2024	pro	social	India	44
1668	24-02-2024	basic	paid_ad	Germany	52
1669	08-02-2024	free	organic	Germany	26
1670	20-01-2024	enterprise	email	USA	54
1671	20-02-2024	enterprise	organic	USA	52
1672	19-02-2024	free	organic	USA	46
1673	22-03-2024	pro	organic	India	53
1674	23-01-2024	free	referral	USA	29
1675	26-01-2024	free	email	India	32
1676	07-02-2024	basic	organic	India	51
1677	02-01-2024	free	social	USA	28
1678	15-01-2024	free	paid_ad	Germany	42
1679	27-01-2024	free	organic	USA	48
1680	21-01-2024	basic	email	USA	50
1681	28-03-2024	free	organic	Canada	46
1682	09-01-2024	pro	referral	India	39
1683	13-03-2024	pro	paid_ad	USA	23
1684	06-02-2024	basic	social	India	37
1685	20-02-2024	basic	social	India	33
1686	23-01-2024	pro	referral	USA	29
1687	30-03-2024	free	paid_ad	Canada	33
1688	21-01-2024	free	referral	India	22
1689	30-03-2024	basic	social	Canada	44
1690	11-03-2024	free	paid_ad	Germany	50
1691	11-02-2024	free	organic	India	20
1692	29-02-2024	free	referral	UK	47
1693	18-02-2024	free	paid_ad	India	20
1694	02-01-2024	free	referral	India	47
1695	03-03-2024	free	organic	UK	46
1696	18-01-2024	free	organic	India	19
1697	18-03-2024	free	organic	USA	43
1698	22-01-2024	free	referral	UK	27
1699	26-02-2024	free	organic	India	52
1700	28-01-2024	free	organic	UK	51
1701	23-03-2024	basic	referral	India	37
1702	26-02-2024	free	organic	Germany	30
1703	01-02-2024	free	organic	India	44
1704	04-01-2024	enterprise	organic	India	22
1705	29-01-2024	enterprise	organic	Canada	28
1706	22-01-2024	free	paid_ad	Germany	38
1707	12-03-2024	basic	referral	Canada	43
1708	24-02-2024	free	organic	USA	29
1709	02-01-2024	free	organic	USA	47
1710	29-01-2024	free	social	UK	41
1711	06-01-2024	free	organic	India	49
1712	14-01-2024	basic	referral	Canada	54
1713	22-01-2024	free	organic	India	42
1714	27-03-2024	pro	referral	India	29
1715	22-03-2024	basic	referral	Canada	48
1716	09-01-2024	free	referral	USA	42
1717	06-03-2024	basic	organic	USA	18
1718	30-01-2024	free	referral	India	33
1719	24-02-2024	basic	referral	India	41
1720	04-03-2024	free	organic	India	20
1721	31-01-2024	pro	paid_ad	Canada	39
1722	18-01-2024	free	referral	Germany	51
1723	23-02-2024	basic	organic	India	39
1724	13-02-2024	free	paid_ad	Canada	33
1725	28-03-2024	basic	organic	Canada	51
1726	11-02-2024	free	referral	India	49
1727	09-01-2024	enterprise	organic	Canada	31
1728	17-01-2024	free	paid_ad	Canada	31
1729	31-01-2024	free	paid_ad	USA	28
1730	26-01-2024	free	organic	India	36
1731	14-03-2024	free	referral	India	48
1732	11-01-2024	enterprise	paid_ad	USA	48
1733	26-02-2024	free	referral	USA	27
1734	02-03-2024	free	paid_ad	Canada	37
1735	17-03-2024	free	paid_ad	India	42
1736	29-02-2024	free	organic	USA	48
1737	10-01-2024	free	referral	India	30
1738	01-01-2024	free	paid_ad	Germany	49
1739	21-02-2024	pro	email	Canada	41
1740	19-02-2024	free	referral	USA	44
1741	05-01-2024	enterprise	organic	Canada	28
1742	25-01-2024	basic	email	Germany	40
1743	06-03-2024	basic	referral	USA	21
1744	24-03-2024	free	paid_ad	India	48
1745	05-01-2024	pro	paid_ad	UK	19
1746	30-03-2024	basic	organic	UK	27
1747	02-02-2024	free	paid_ad	UK	28
1748	02-01-2024	free	organic	UK	42
1749	20-02-2024	basic	email	India	30
1750	24-02-2024	free	paid_ad	UK	50
1751	09-03-2024	basic	paid_ad	India	44
1752	12-01-2024	free	paid_ad	Germany	27
1753	04-02-2024	basic	email	USA	37
1754	01-01-2024	enterprise	social	India	22
1755	30-03-2024	free	paid_ad	India	45
1756	22-01-2024	free	organic	India	49
1757	24-01-2024	free	organic	USA	31
1758	24-01-2024	free	referral	Germany	30
1759	03-02-2024	enterprise	social	USA	24
1760	22-03-2024	free	organic	USA	35
1761	09-01-2024	free	paid_ad	USA	24
1762	02-01-2024	free	referral	India	55
1763	06-01-2024	free	paid_ad	India	51
1764	04-02-2024	pro	paid_ad	India	45
1765	13-02-2024	free	social	Canada	33
1766	16-02-2024	basic	paid_ad	India	40
1767	12-02-2024	pro	organic	Canada	43
1768	18-01-2024	free	organic	USA	33
1769	17-02-2024	free	referral	Canada	50
1770	22-02-2024	basic	organic	UK	38
1771	03-01-2024	basic	social	Canada	38
1772	27-03-2024	free	referral	USA	23
1773	14-02-2024	free	email	Canada	24
1774	19-02-2024	free	organic	India	51
1775	14-03-2024	basic	referral	India	49
1776	12-01-2024	free	referral	USA	47
1777	22-01-2024	pro	email	USA	52
1778	31-01-2024	free	organic	Canada	23
1779	14-01-2024	free	referral	India	38
1780	19-02-2024	basic	organic	India	48
1781	26-03-2024	free	organic	USA	49
1782	12-01-2024	basic	organic	India	54
1783	17-03-2024	free	organic	Canada	42
1784	24-03-2024	basic	paid_ad	Canada	32
1785	29-01-2024	free	organic	India	39
1786	16-03-2024	pro	referral	India	41
1787	17-01-2024	pro	email	USA	18
1788	09-02-2024	free	paid_ad	Canada	45
1789	10-02-2024	basic	referral	Canada	26
1790	07-03-2024	basic	paid_ad	India	18
1791	09-03-2024	pro	organic	Germany	36
1792	29-01-2024	free	paid_ad	UK	27
1793	26-03-2024	pro	social	India	38
1794	09-02-2024	free	referral	India	54
1795	02-03-2024	basic	organic	India	42
1796	08-01-2024	enterprise	organic	Canada	31
1797	29-01-2024	basic	organic	Canada	29
1798	03-03-2024	basic	organic	Germany	28
1799	03-01-2024	free	organic	UK	40
1800	20-02-2024	free	paid_ad	India	30
1801	30-03-2024	pro	paid_ad	India	55
1802	07-01-2024	pro	referral	USA	28
1803	14-03-2024	free	referral	India	27
1804	27-01-2024	free	referral	Germany	18
1805	16-02-2024	basic	paid_ad	UK	27
1806	18-02-2024	enterprise	paid_ad	Canada	21
1807	13-01-2024	free	paid_ad	Canada	25
1808	06-03-2024	basic	paid_ad	Canada	43
1809	01-02-2024	free	organic	USA	29
1810	24-03-2024	basic	referral	Canada	23
1811	29-02-2024	pro	referral	India	46
1812	17-02-2024	free	organic	India	50
1813	29-01-2024	free	paid_ad	USA	35
1814	29-03-2024	basic	referral	India	48
1815	23-03-2024	basic	organic	India	38
1816	09-01-2024	basic	social	USA	43
1817	30-03-2024	free	paid_ad	USA	51
1818	03-03-2024	free	social	USA	25
1819	27-01-2024	enterprise	social	India	29
1820	01-01-2024	free	social	India	26
1821	14-03-2024	free	organic	USA	20
1822	11-01-2024	enterprise	paid_ad	USA	52
1823	22-01-2024	free	email	India	37
1824	06-01-2024	pro	paid_ad	Germany	52
1825	26-02-2024	free	paid_ad	India	40
1826	18-03-2024	free	organic	India	20
1827	31-01-2024	free	organic	Canada	31
1828	18-01-2024	basic	organic	USA	26
1829	20-03-2024	free	paid_ad	India	28
1830	21-02-2024	free	email	UK	27
1831	09-03-2024	free	referral	India	30
1832	17-02-2024	free	referral	USA	28
1833	23-02-2024	pro	organic	Germany	42
1834	04-01-2024	enterprise	organic	India	52
1835	15-01-2024	basic	paid_ad	India	23
1836	16-02-2024	pro	referral	India	32
1837	05-02-2024	free	paid_ad	Canada	42
1838	14-01-2024	basic	organic	USA	37
1839	16-03-2024	pro	paid_ad	USA	54
1840	06-02-2024	free	referral	Canada	28
1841	10-02-2024	pro	paid_ad	India	52
1842	11-03-2024	free	social	USA	26
1843	03-02-2024	free	paid_ad	India	26
1844	19-01-2024	free	referral	India	41
1845	01-02-2024	basic	paid_ad	USA	46
1846	15-02-2024	basic	paid_ad	India	45
1847	07-03-2024	pro	social	Germany	37
1848	22-03-2024	pro	email	USA	38
1849	12-01-2024	basic	organic	India	23
1850	22-01-2024	free	organic	India	49
1851	02-01-2024	enterprise	paid_ad	USA	26
1852	02-03-2024	free	referral	UK	52
1853	30-03-2024	free	organic	India	18
1854	24-02-2024	basic	referral	India	51
1855	28-03-2024	basic	referral	Canada	51
1856	29-01-2024	free	paid_ad	India	40
1857	07-01-2024	free	paid_ad	USA	25
1858	13-02-2024	pro	organic	USA	25
1859	07-02-2024	free	organic	India	54
1860	20-02-2024	free	organic	Canada	50
1861	05-01-2024	pro	social	Canada	21
1862	15-02-2024	free	paid_ad	India	24
1863	01-01-2024	free	referral	USA	18
1864	13-01-2024	free	organic	USA	27
1865	22-02-2024	free	paid_ad	India	34
1866	29-01-2024	free	paid_ad	USA	29
1867	09-03-2024	pro	organic	USA	46
1868	21-01-2024	free	referral	India	30
1869	15-01-2024	free	organic	USA	39
1870	05-01-2024	free	organic	USA	35
1871	16-01-2024	free	paid_ad	Germany	26
1872	11-02-2024	basic	referral	USA	42
1873	17-01-2024	free	organic	India	27
1874	14-02-2024	free	referral	India	39
1875	24-02-2024	enterprise	referral	USA	36
1876	06-02-2024	free	referral	India	27
1877	06-03-2024	free	organic	India	34
1878	30-03-2024	free	social	India	24
1879	30-03-2024	basic	referral	India	55
1880	21-03-2024	basic	organic	India	20
1881	05-02-2024	enterprise	email	USA	30
1882	12-01-2024	pro	paid_ad	USA	32
1883	29-01-2024	free	paid_ad	USA	21
1884	08-02-2024	free	paid_ad	Canada	44
1885	01-02-2024	free	organic	India	21
1886	25-03-2024	basic	organic	USA	24
1887	25-02-2024	free	email	USA	37
1888	15-01-2024	free	organic	USA	26
1889	12-02-2024	free	social	Germany	55
1890	08-03-2024	basic	organic	India	55
1891	19-02-2024	free	organic	UK	25
1892	06-01-2024	free	social	UK	30
1893	25-01-2024	basic	email	India	52
1894	20-03-2024	free	referral	Canada	30
1895	09-03-2024	basic	organic	India	53
1896	02-02-2024	pro	referral	Canada	53
1897	14-02-2024	pro	paid_ad	UK	45
1898	09-01-2024	free	paid_ad	Canada	19
1899	22-01-2024	free	referral	India	20
1900	13-03-2024	free	email	India	43
1901	04-03-2024	basic	social	Canada	28
1902	26-02-2024	basic	paid_ad	Germany	43
1903	18-03-2024	free	organic	India	31
1904	16-03-2024	basic	social	Germany	47
1905	05-03-2024	basic	paid_ad	India	32
1906	07-02-2024	basic	paid_ad	India	20
1907	09-03-2024	free	organic	India	35
1908	18-01-2024	free	referral	UK	33
1909	27-01-2024	free	organic	India	41
1910	11-02-2024	free	referral	USA	26
1911	22-02-2024	pro	organic	Canada	18
1912	15-02-2024	free	email	India	19
1913	09-03-2024	basic	social	Canada	55
1914	14-01-2024	basic	referral	Canada	34
1915	21-03-2024	basic	paid_ad	Germany	32
1916	11-02-2024	free	paid_ad	Germany	43
1917	20-01-2024	free	referral	USA	27
1918	02-03-2024	free	organic	India	29
1919	25-01-2024	free	email	India	36
1920	03-01-2024	free	social	Germany	30
1921	09-01-2024	free	paid_ad	USA	43
1922	13-01-2024	basic	organic	Germany	18
1923	18-03-2024	free	paid_ad	India	18
1924	23-03-2024	pro	organic	Germany	35
1925	19-01-2024	pro	paid_ad	Germany	18
1926	14-01-2024	free	social	Canada	23
1927	26-01-2024	free	referral	Canada	28
1928	09-02-2024	free	organic	India	35
1929	21-03-2024	free	organic	India	52
1930	07-02-2024	free	social	USA	18
1931	29-01-2024	free	paid_ad	India	36
1932	29-01-2024	pro	referral	UK	25
1933	03-03-2024	free	organic	India	36
1934	15-02-2024	free	organic	USA	23
1935	06-01-2024	basic	organic	USA	29
1936	27-03-2024	free	social	UK	36
1937	14-02-2024	pro	organic	USA	41
1938	03-02-2024	pro	referral	India	18
1939	20-01-2024	basic	organic	India	46
1940	02-03-2024	pro	organic	USA	35
1941	19-01-2024	free	email	India	42
1942	15-02-2024	free	paid_ad	UK	44
1943	18-03-2024	basic	organic	Germany	33
1944	19-02-2024	free	paid_ad	USA	52
1945	09-03-2024	pro	paid_ad	USA	44
1946	08-03-2024	free	referral	Germany	23
1947	31-01-2024	free	organic	Canada	41
1948	12-03-2024	free	organic	India	40
1949	16-02-2024	pro	social	Germany	36
1950	28-02-2024	free	social	Canada	44
1951	01-02-2024	free	organic	Germany	25
1952	30-03-2024	basic	paid_ad	India	45
1953	17-02-2024	free	organic	USA	48
1954	17-03-2024	pro	organic	USA	23
1955	01-02-2024	free	paid_ad	Germany	27
1956	24-01-2024	free	organic	USA	37
1957	01-03-2024	free	organic	Germany	18
1958	06-02-2024	free	organic	UK	29
1959	05-03-2024	free	paid_ad	USA	47
1960	11-03-2024	basic	organic	USA	37
1961	30-01-2024	free	organic	Canada	51
1962	18-02-2024	enterprise	organic	India	21
1963	29-01-2024	free	social	Canada	22
1964	29-03-2024	free	organic	UK	42
1965	22-01-2024	free	paid_ad	USA	35
1966	14-01-2024	free	paid_ad	Germany	39
1967	04-01-2024	free	organic	India	31
1968	17-03-2024	free	social	India	30
1969	22-03-2024	pro	organic	India	54
1970	13-03-2024	free	email	USA	21
1971	10-02-2024	free	organic	Canada	36
1972	20-02-2024	free	organic	USA	40
1973	17-01-2024	basic	organic	USA	50
1974	13-01-2024	free	referral	India	42
1975	02-03-2024	free	social	India	27
1976	28-03-2024	free	social	India	32
1977	28-01-2024	pro	referral	Germany	28
1978	05-03-2024	free	referral	UK	39
1979	27-02-2024	basic	organic	USA	45
1980	06-01-2024	pro	referral	USA	31
1981	19-03-2024	basic	email	USA	49
1982	13-01-2024	pro	organic	Canada	53
1983	12-01-2024	free	paid_ad	India	36
1984	21-01-2024	free	paid_ad	USA	22
1985	23-01-2024	basic	paid_ad	Canada	34
1986	26-02-2024	basic	organic	India	54
1987	03-03-2024	free	social	USA	26
1988	26-02-2024	free	social	Canada	41
1989	11-01-2024	basic	paid_ad	India	20
1990	20-03-2024	enterprise	organic	Germany	53
1991	02-01-2024	free	organic	USA	54
1992	21-02-2024	pro	organic	Canada	23
1993	14-02-2024	free	referral	Canada	47
1994	14-01-2024	free	referral	Canada	43
1995	25-02-2024	free	organic	India	49
1996	28-01-2024	basic	paid_ad	India	20
1997	10-03-2024	free	paid_ad	UK	38
1998	13-03-2024	free	referral	USA	41
1999	25-02-2024	enterprise	organic	India	19
2000	28-03-2024	free	organic	India	27
